client_id_x,tx_count,total_spent,avg_amount,fraud_count,fraud_rate,avg_fraud_score,max_fraud_score,unique_merchants
0,99,4490.67,45.3603,0,0.0,0.0543,0.3466,53
1,73,2408.24,32.9896,0,0.0,0.0531,0.3663,24
2,82,2220.24,27.0761,0,0.0,0.0534,0.7099,27
3,56,2733.98,48.8211,0,0.0,0.0455,0.1409,22
4,89,4028.07,45.2592,0,0.0,0.0636,0.6302,29
5,36,2478.05,68.8347,0,0.0,0.1146,0.3567,25
11,79,5907.65,74.7804,0,0.0,0.038,0.214,37
13,58,2289.12,39.4676,0,0.0,0.1208,0.7673,27
14,44,2184.21,49.6411,0,0.0,0.1003,0.6322,21
16,69,3452.28,50.033,0,0.0,0.1217,0.7045,38
17,125,5981.92,47.8554,0,0.0,0.0294,0.3578,38
19,20,219.87,10.9935,0,0.0,0.0358,0.1836,10
20,85,1502.69,17.6787,0,0.0,0.0454,0.6181,32
21,64,2676.74,41.8241,0,0.0,0.0609,0.4363,23
22,23,712.59,30.9822,1,0.06666666666666667,0.0925,0.6471,12
24,74,3753.35,50.7209,0,0.0,0.0259,0.248,33
27,77,3346.27,43.4581,0,0.0,0.075,0.7044,40
28,43,2696.4,62.707,0,0.0,0.088,0.2288,32
32,75,2626.63,35.0217,0,0.0,0.07,0.4585,30
33,90,4763.17,52.9241,0,0.0,0.1014,0.4875,33
34,113,6320.01,55.9293,0,0.0,0.0361,0.1412,34
37,115,3169.81,27.5636,0,0.0,0.0341,0.3526,30
38,101,4098.31,40.5773,0,0.0,0.0192,0.3024,26
39,109,6515.7,59.7771,0,0.0,0.0325,0.366,36
40,49,1406.06,28.6951,0,0.0,0.0816,0.3765,19
42,65,1627.47,25.038,0,0.0,0.0611,0.3962,22
44,61,2596.49,42.5654,0,0.0,0.0898,0.5413,18
45,46,322.2,7.0043,0,0.0,0.0434,0.1993,21
46,84,3766.71,44.8418,0,0.0,0.0819,0.5409,37
47,75,1750.27,23.3369,0,0.0,0.0638,0.2226,24
48,64,1058.8,16.5438,0,0.0,0.0817,0.3062,29
50,54,2238.49,41.4535,0,0.0,0.1198,0.6498,29
51,71,3060.3,43.1028,0,0.0,0.0389,0.2553,34
52,155,11339.21,73.1562,0,0.0,0.0299,0.3744,54
53,190,5629.16,29.6272,0,0.0,0.0089,0.1834,24
55,113,1970.76,17.4404,0,0.0,0.0191,0.1597,21
57,80,2604.12,32.5515,0,0.0,0.0152,0.1343,31
58,58,4525.04,78.0179,0,0.0,0.0234,0.132,23
59,80,2789.25,34.8656,0,0.0,0.0816,0.3809,35
60,81,5458.52,67.3891,0,0.0,0.1232,0.4704,28
61,96,4377.55,45.5995,0,0.0,0.0606,0.2875,38
62,101,2400.75,23.7698,1,0.014285714285714285,0.0986,0.5696,44
63,112,1969.25,17.5826,0,0.0,0.0163,0.1562,24
64,72,4564.19,63.3915,0,0.0,0.0602,0.4902,33
65,68,1544.3,22.7103,0,0.0,0.0824,0.5271,32
68,99,6286.48,63.4998,0,0.0,0.1045,0.5736,32
69,55,1397.73,25.4133,0,0.0,0.0676,0.3862,25
73,57,5142.92,90.2267,0,0.0,0.0719,0.1971,27
74,31,1347.12,43.4555,0,0.0,0.0543,0.3009,15
75,94,1947.95,20.7229,0,0.0,0.0415,0.3547,38
77,113,9026.96,79.8846,0,0.0,0.0826,0.2564,35
78,59,1705.33,28.9039,0,0.0,0.0217,0.1448,17
79,52,2662.09,51.194,0,0.0,0.1032,0.4646,29
80,57,1348.66,23.6607,0,0.0,0.1153,0.4827,27
81,93,4009.72,43.1153,0,0.0,0.0627,0.7091,33
84,109,3094.4,28.389,0,0.0,0.0309,0.2122,31
86,25,768.81,30.7524,0,0.0,0.0292,0.2944,13
87,82,2563.62,31.2637,0,0.0,0.0282,0.1519,23
89,103,3113.46,30.2278,0,0.0,0.0694,0.3208,40
90,82,4134.96,50.4263,0,0.0,0.059,0.2393,31
92,92,3105.09,33.751,0,0.0,0.0591,0.5195,32
94,98,3902.22,39.8186,0,0.0,0.0249,0.2273,24
96,287,19979.08,69.6135,0,0.0,0.0114,0.1206,47
98,146,5544.54,37.9763,0,0.0,0.0072,0.0594,42
100,48,1697.89,35.3727,1,0.029411764705882353,0.1178,0.5881,30
103,31,1218.94,39.3206,0,0.0,0.1329,0.5493,22
104,52,2170.07,41.7321,0,0.0,0.0464,0.1778,23
106,120,2279.93,18.9994,0,0.0,0.0309,0.2775,31
107,41,2080.22,50.7371,0,0.0,0.1427,0.6228,28
110,46,3291.92,71.5635,0,0.0,0.0843,0.2949,32
112,245,8060.09,32.8983,0,0.0,0.022,0.2112,47
113,40,3324.6,83.115,1,0.04,0.1109,0.6179,28
114,325,7040.69,21.6637,0,0.0,0.0089,0.1154,43
115,73,5422.89,74.2862,0,0.0,0.0756,0.4918,37
116,61,2198.15,36.0352,1,0.022727272727272728,0.0549,0.5143,29
118,63,3159.08,50.1441,0,0.0,0.1054,0.6138,33
119,55,2449.17,44.5304,0,0.0,0.0943,0.4654,29
120,35,3033.84,86.6811,0,0.0,0.0767,0.144,25
121,86,4179.53,48.5992,0,0.0,0.0195,0.1088,31
122,69,2590.1,37.5377,0,0.0,0.0828,0.495,28
123,87,4888.34,56.1878,0,0.0,0.0581,0.4945,37
124,56,1347.64,24.065,0,0.0,0.0316,0.2039,24
125,57,1382.53,24.2549,0,0.0,0.0345,0.1758,24
126,80,1826.85,22.8356,0,0.0,0.0137,0.1467,29
127,84,4519.63,53.8051,0,0.0,0.0804,0.405,27
128,50,1487.57,29.7514,0,0.0,0.0546,0.3297,26
132,34,1105.54,32.5159,0,0.0,0.043,0.1792,15
133,68,3403.04,50.0447,0,0.0,0.0286,0.29,21
134,50,1947.4,38.948,0,0.0,0.0866,0.7266,32
135,134,6140.92,45.8278,1,0.010869565217391304,0.0255,0.607,26
137,121,5431.23,44.8862,0,0.0,0.0659,0.453,32
138,67,1287.29,19.2133,0,0.0,0.076,0.485,29
140,87,1644.8,18.9057,0,0.0,0.0403,0.1852,28
141,68,1420.96,20.8965,1,0.022222222222222223,0.1009,0.7054,31
142,102,5921.14,58.0504,0,0.0,0.0621,0.4088,44
144,117,4066.99,34.7606,0,0.0,0.0243,0.209,36
145,46,382.97,8.3254,0,0.0,0.0412,0.131,19
146,59,3834.11,64.9849,0,0.0,0.071,0.2329,34
147,54,2794.48,51.7496,0,0.0,0.0337,0.1966,26
148,71,1805.89,25.4351,0,0.0,0.0544,0.2909,24
149,38,2747.45,72.3013,0,0.0,0.0651,0.309,23
150,86,7049.44,81.9702,1,0.017543859649122806,0.0717,0.2624,35
152,83,6832.58,82.3202,0,0.0,0.0273,0.0845,36
153,36,1622.94,45.0817,1,0.05,0.0932,0.6205,27
154,141,4860.47,34.4714,0,0.0,0.0233,0.2016,26
155,71,1737.02,24.4651,0,0.0,0.0279,0.1716,29
156,105,1788.16,17.0301,0,0.0,0.0145,0.2261,28
157,91,3263.41,35.8616,0,0.0,0.0399,0.2483,38
160,37,1164.57,31.4749,0,0.0,0.0508,0.2326,18
161,103,2072.15,20.118,0,0.0,0.0382,0.4841,27
162,52,3081.55,59.2606,0,0.0,0.0678,0.2885,22
164,64,4315.3,67.4266,0,0.0,0.0653,0.2557,30
165,109,10060.22,92.2956,0,0.0,0.0132,0.1393,31
169,55,672.08,12.2196,0,0.0,0.031,0.1149,17
170,43,1815.33,42.217,0,0.0,0.0524,0.3324,23
171,128,6731.98,52.5936,0,0.0,0.0138,0.1178,39
172,33,1175.26,35.6139,0,0.0,0.0871,0.3243,21
173,77,3867.55,50.2279,0,0.0,0.0393,0.2728,26
176,111,5311.05,47.8473,0,0.0,0.0671,0.4762,46
177,71,5848.52,82.3735,0,0.0,0.0655,0.2166,36
178,79,4579.52,57.9686,0,0.0,0.0805,0.5212,38
180,42,2242.64,53.3962,0,0.0,0.2395,0.7378,24
184,57,2479.55,43.5009,0,0.0,0.111,0.7319,28
185,88,2404.33,27.3219,0,0.0,0.0628,0.4595,32
190,144,7128.07,49.5005,0,0.0,0.0598,0.4904,32
194,118,1841.38,15.6049,2,0.02666666666666667,0.0431,0.6554,25
196,45,1975.46,43.8991,0,0.0,0.059,0.2855,24
197,82,3788.74,46.2041,0,0.0,0.0698,0.5373,29
198,38,2325.41,61.195,0,0.0,0.1468,0.5758,26
199,82,2256.37,27.5167,0,0.0,0.0448,0.568,27
200,75,3455.27,46.0703,0,0.0,0.0254,0.2439,33
201,29,1591.48,54.8786,0,0.0,0.0866,0.2471,17
203,56,2998.95,53.5527,0,0.0,0.1187,0.7467,26
205,71,2280.43,32.1187,0,0.0,0.0295,0.2622,23
206,38,2404.73,63.2824,0,0.0,0.0466,0.1077,18
207,29,1646.61,56.7797,0,0.0,0.0753,0.2014,19
208,230,9673.79,42.06,0,0.0,0.0059,0.1024,44
209,92,2571.8,27.9543,1,0.017543859649122806,0.0414,0.7025,27
211,102,1834.94,17.9896,0,0.0,0.0186,0.1499,26
212,75,1810.42,24.1389,0,0.0,0.0366,0.2087,26
213,80,3818.69,47.7336,0,0.0,0.0626,0.4315,38
216,42,2418.09,57.5736,0,0.0,0.0746,0.4569,20
217,89,2563.21,28.8001,0,0.0,0.0451,0.4116,34
218,68,1918.0,28.2059,0,0.0,0.0286,0.2657,23
219,39,1214.99,31.1536,0,0.0,0.0542,0.3833,17
220,42,1791.45,42.6536,0,0.0,0.0782,0.3018,26
222,34,3194.77,93.9638,0,0.0,0.05,0.1686,22
225,69,3294.81,47.7509,0,0.0,0.078,0.6046,31
227,74,4854.22,65.5976,0,0.0,0.1318,0.4672,39
229,77,2845.68,36.9569,0,0.0,0.0763,0.3871,36
230,52,1298.57,24.9725,1,0.030303030303030304,0.1039,0.7202,26
231,74,2970.27,40.1388,0,0.0,0.0954,0.6229,31
233,43,4080.1,94.886,0,0.0,0.0496,0.1148,24
234,68,3895.19,57.2822,0,0.0,0.091,0.615,28
235,67,3249.74,48.5036,0,0.0,0.0719,0.5885,25
236,60,5856.5,97.6083,0,0.0,0.0248,0.1163,29
237,36,3021.07,83.9186,0,0.0,0.1001,0.2334,23
240,44,1317.67,29.947,0,0.0,0.0461,0.2778,18
241,92,2686.75,29.2038,0,0.0,0.0243,0.2183,24
242,56,2681.73,47.888,0,0.0,0.1098,0.2358,21
244,36,1872.83,52.0231,0,0.0,0.0807,0.5373,25
246,57,5928.03,104.0005,0,0.0,0.0733,0.2552,39
247,110,8238.75,74.8977,0,0.0,0.0542,0.2335,33
248,56,2215.81,39.568,0,0.0,0.107,0.499,30
249,45,1935.18,43.004,0,0.0,0.07,0.3587,23
250,103,3623.12,35.1759,0,0.0,0.0755,0.5602,32
252,115,4706.8,40.9287,0,0.0,0.0614,0.2865,37
254,151,8602.99,56.9734,0,0.0,0.0379,0.1444,43
256,82,2143.92,26.1454,0,0.0,0.0503,0.691,34
257,64,2348.98,36.7028,0,0.0,0.1028,0.3224,26
260,21,789.22,37.5819,0,0.0,0.0433,0.2109,15
261,92,4538.2,49.3283,0,0.0,0.0829,0.4273,28
264,74,2796.29,37.7877,0,0.0,0.0119,0.0751,25
265,67,2387.56,35.6352,0,0.0,0.0614,0.2787,32
267,26,552.3,21.2423,0,0.0,0.1042,0.3932,20
273,74,3454.68,46.6849,0,0.0,0.0361,0.2869,32
274,54,3531.57,65.3994,0,0.0,0.1262,0.5085,25
275,161,7673.59,47.662,0,0.0,0.045,0.5404,52
277,88,2542.66,28.8939,0,0.0,0.0395,0.3537,33
278,121,10921.24,90.2582,0,0.0,0.037,0.1346,57
280,85,4635.68,54.5374,0,0.0,0.0439,0.4419,34
282,53,1044.65,19.7104,0,0.0,0.0405,0.1661,23
285,246,11560.95,46.9957,0,0.0,0.0289,0.1675,53
286,66,2285.11,34.6229,0,0.0,0.0462,0.2215,30
287,66,1521.92,23.0594,0,0.0,0.0445,0.1853,27
291,111,4901.76,44.16,0,0.0,0.0205,0.1801,25
293,70,1625.19,23.217,0,0.0,0.0191,0.0937,25
299,20,848.21,42.4105,0,0.0,0.1194,0.342,10
300,44,300.21,6.823,1,0.03225806451612903,0.0748,0.6143,31
301,96,3200.64,33.34,0,0.0,0.0114,0.1331,29
303,139,11364.02,81.7555,0,0.0,0.0584,0.257,35
305,79,1877.64,23.7676,0,0.0,0.0099,0.1578,19
311,31,1310.21,42.2648,0,0.0,0.092,0.3033,21
313,65,2195.38,33.7751,0,0.0,0.0553,0.2051,20
315,40,2588.55,64.7138,1,0.04,0.0894,0.6059,25
316,79,6597.83,83.5168,0,0.0,0.0555,0.2348,30
317,26,1313.37,50.5142,0,0.0,0.0831,0.2334,16
319,65,4431.41,68.1755,0,0.0,0.0212,0.1262,30
320,47,4208.29,89.5381,0,0.0,0.0417,0.1742,27
321,59,2748.17,46.5792,0,0.0,0.084,0.6712,24
322,45,292.83,6.5073,0,0.0,0.0257,0.1307,19
323,127,1474.26,11.6083,0,0.0,0.0387,0.2892,32
327,157,6806.65,43.3545,0,0.0,0.0384,0.2938,32
328,68,5089.42,74.8444,0,0.0,0.0545,0.1517,26
329,118,3899.02,33.0425,0,0.0,0.0477,0.4635,36
331,41,1776.02,43.3176,0,0.0,0.0614,0.4194,17
332,81,2410.36,29.7575,0,0.0,0.0528,0.3047,24
334,25,1454.09,58.1636,0,0.0,0.1229,0.5309,20
335,63,3034.09,48.1602,0,0.0,0.0698,0.4883,27
338,71,3718.81,52.3776,0,0.0,0.0615,0.6603,26
343,66,1267.66,19.207,0,0.0,0.0554,0.6062,27
345,36,1400.47,38.9019,0,0.0,0.0795,0.2714,21
346,66,4010.49,60.765,0,0.0,0.1221,0.5512,31
348,30,1000.46,33.3487,0,0.0,0.0708,0.3165,19
349,91,1466.21,16.1122,0,0.0,0.0323,0.3457,33
350,93,3860.75,41.5134,0,0.0,0.0594,0.4992,40
351,69,2394.99,34.71,0,0.0,0.0594,0.5481,25
354,74,3412.01,46.1082,0,0.0,0.0669,0.6629,26
356,114,4703.96,41.2628,0,0.0,0.062,0.5761,40
357,76,3774.56,49.6653,0,0.0,0.0783,0.4339,38
359,81,3592.15,44.3475,0,0.0,0.0615,0.7002,30
360,120,2766.29,23.0524,0,0.0,0.0255,0.1487,35
361,48,1988.27,41.4223,0,0.0,0.0772,0.6401,23
362,101,7465.94,73.9202,0,0.0,0.051,0.1991,36
363,79,3135.29,39.6872,0,0.0,0.0902,0.6832,39
364,81,4497.61,55.526,0,0.0,0.0417,0.3749,38
366,111,3811.65,34.3392,0,0.0,0.0301,0.286,27
368,127,4608.18,36.2849,0,0.0,0.032,0.421,25
369,103,6521.31,63.3137,0,0.0,0.0364,0.2536,35
370,56,1921.23,34.3077,0,0.0,0.043,0.1999,29
371,148,9016.16,60.92,0,0.0,0.0318,0.3435,40
373,161,2343.36,14.555,0,0.0,0.0199,0.2559,34
374,74,3254.53,43.9801,0,0.0,0.067,0.5364,30
375,70,2762.54,39.4649,0,0.0,0.0456,0.3965,33
376,154,7266.27,47.1836,0,0.0,0.0429,0.4208,51
377,100,5223.92,52.2392,0,0.0,0.0446,0.387,42
379,153,3500.02,22.8759,0,0.0,0.0161,0.1356,40
380,71,1457.9,20.5338,0,0.0,0.0454,0.4799,20
383,50,1501.68,30.0336,0,0.0,0.0774,0.6734,21
385,55,835.53,15.1915,0,0.0,0.0316,0.325,24
386,113,4251.24,37.6216,0,0.0,0.0158,0.2448,38
387,41,763.11,18.6124,0,0.0,0.038,0.1999,24
391,47,2235.63,47.5666,0,0.0,0.1289,0.5504,27
393,40,1660.52,41.513,0,0.0,0.0647,0.4584,21
394,158,3816.4,24.1544,0,0.0,0.0233,0.2088,44
395,46,3217.0,69.9348,0,0.0,0.0333,0.123,22
397,59,1421.28,24.0895,0,0.0,0.0467,0.1907,26
398,57,2989.84,52.4533,0,0.0,0.1291,0.601,24
400,42,1719.82,40.9481,0,0.0,0.064,0.1993,28
401,115,3456.31,30.0549,0,0.0,0.0631,0.5123,37
402,100,3944.19,39.4419,0,0.0,0.0318,0.3086,36
403,22,1494.45,67.9295,0,0.0,0.1251,0.3415,18
408,120,6891.37,57.4281,0,0.0,0.068,0.3367,40
410,11,222.6,20.2364,0,0.0,0.0723,0.2877,9
414,57,4690.58,82.2909,0,0.0,0.0464,0.1523,34
415,51,1372.92,26.92,0,0.0,0.0343,0.3142,24
416,69,1133.76,16.4313,0,0.0,0.0247,0.1519,26
419,90,1978.05,21.9783,0,0.0,0.0197,0.2623,23
421,131,3336.4,25.4687,0,0.0,0.0246,0.2378,32
425,160,8224.9,51.4056,0,0.0,0.0279,0.5363,35
427,50,1393.74,27.8748,0,0.0,0.0587,0.24,22
428,55,2947.28,53.5869,0,0.0,0.0931,0.6221,32
430,131,7160.77,54.6624,0,0.0,0.0502,0.3784,29
432,74,4011.93,54.2153,0,0.0,0.068,0.6366,29
433,88,2748.62,31.2343,0,0.0,0.0454,0.261,26
434,66,3063.36,46.4145,0,0.0,0.0407,0.253,31
437,70,4494.22,64.2031,1,0.02040816326530612,0.134,0.6384,36
438,32,517.59,16.1747,0,0.0,0.1053,0.4862,21
441,58,2309.77,39.8236,0,0.0,0.0374,0.2878,34
442,102,6282.34,61.5916,1,0.014285714285714285,0.1139,0.5878,43
447,45,947.82,21.0627,0,0.0,0.1216,0.6681,26
449,60,3140.14,52.3357,0,0.0,0.0553,0.2755,27
450,67,4124.53,61.5601,0,0.0,0.0728,0.3685,24
451,59,3347.9,56.7441,0,0.0,0.1598,0.6714,24
452,114,5228.33,45.8625,0,0.0,0.0132,0.2277,34
455,46,3043.19,66.1563,0,0.0,0.0804,0.3634,27
456,95,4265.35,44.8984,0,0.0,0.0483,0.3483,37
457,68,5767.28,84.8129,0,0.0,0.0737,0.2138,28
458,38,3732.5,98.2237,0,0.0,0.0546,0.1228,27
459,44,2225.18,50.5723,0,0.0,0.0895,0.3739,22
460,83,3473.86,41.8537,0,0.0,0.0595,0.3967,36
461,149,4576.09,30.712,0,0.0,0.0202,0.2439,38
462,77,4853.0,63.026,0,0.0,0.0527,0.3211,47
464,185,12066.32,65.2234,0,0.0,0.0174,0.1765,29
465,45,1068.48,23.744,0,0.0,0.1079,0.6308,25
467,93,2923.13,31.4315,0,0.0,0.0313,0.1784,42
468,51,1099.68,21.5624,0,0.0,0.0531,0.2171,22
469,73,3930.8,53.8466,0,0.0,0.0544,0.6375,34
470,65,3585.95,55.1685,0,0.0,0.0867,0.2352,24
472,137,3769.55,27.515,0,0.0,0.0173,0.1808,42
473,46,1218.48,26.4887,0,0.0,0.0823,0.2699,27
474,140,8048.41,57.4886,0,0.0,0.0585,0.3121,43
476,121,4606.92,38.0737,0,0.0,0.0217,0.297,29
477,84,2894.71,34.4608,0,0.0,0.0832,0.6721,41
478,39,1969.38,50.4969,0,0.0,0.1022,0.6195,21
479,68,2187.35,32.1669,1,0.020833333333333332,0.0999,0.6179,35
480,80,2902.94,36.2868,0,0.0,0.0747,0.6815,40
483,32,1607.71,50.2409,0,0.0,0.0696,0.5231,20
487,103,7425.3,72.0903,0,0.0,0.0192,0.2836,32
488,197,13687.98,69.4821,0,0.0,0.0254,0.1168,31
489,42,1743.67,41.516,0,0.0,0.0806,0.3267,24
490,166,14775.98,89.0119,0,0.0,0.0321,0.2341,64
491,29,1208.11,41.659,0,0.0,0.076,0.3179,18
494,71,2823.21,39.7635,0,0.0,0.0829,0.6288,38
496,41,1696.92,41.3883,0,0.0,0.0726,0.3232,15
497,75,5773.09,76.9745,0,0.0,0.0482,0.2384,32
502,190,5054.33,26.6017,0,0.0,0.0097,0.1283,37
503,78,1554.73,19.9324,0,0.0,0.0261,0.2519,25
506,97,4303.98,44.3709,0,0.0,0.0553,0.5168,37
509,111,2777.86,25.0258,1,0.012987012987012988,0.0646,0.5993,36
511,163,6664.37,40.8857,0,0.0,0.0331,0.2339,39
514,88,3896.5,44.2784,0,0.0,0.0843,0.7504,35
515,72,2707.47,37.6038,0,0.0,0.096,0.4732,33
517,29,798.05,27.519,0,0.0,0.0611,0.4909,19
519,62,879.02,14.1777,0,0.0,0.0447,0.3207,28
520,74,4245.62,57.3732,0,0.0,0.0705,0.5194,37
523,54,2997.08,55.5015,0,0.0,0.0705,0.3221,17
524,49,1285.09,26.2263,0,0.0,0.0536,0.2008,18
525,88,2369.41,26.9251,0,0.0,0.0806,0.6555,28
526,108,4504.19,41.7055,0,0.0,0.0436,0.3515,35
528,61,2706.67,44.3716,0,0.0,0.0377,0.2344,25
530,96,1193.45,12.4318,0,0.0,0.0428,0.4055,42
534,91,3552.22,39.0354,0,0.0,0.046,0.4615,39
538,71,2725.82,38.3918,1,0.01818181818181818,0.0935,0.5901,35
542,47,1019.98,21.7017,0,0.0,0.0472,0.167,23
543,80,3199.89,39.9986,0,0.0,0.1321,0.6772,34
545,45,2412.11,53.6024,1,0.038461538461538464,0.1327,0.6217,23
546,47,2706.45,57.584,0,0.0,0.0847,0.5105,20
547,46,1385.82,30.1265,0,0.0,0.0602,0.2098,30
549,43,2108.29,49.03,0,0.0,0.0928,0.4847,25
550,99,4456.92,45.0194,0,0.0,0.0648,0.4358,32
552,106,4383.26,41.3515,0,0.0,0.0122,0.1664,29
554,116,5238.46,45.1591,0,0.0,0.0757,0.4353,40
556,123,3337.09,27.1308,0,0.0,0.0321,0.2329,44
557,124,5182.81,41.7969,0,0.0,0.0136,0.1418,39
561,90,2191.12,24.3458,1,0.018518518518518517,0.0613,0.7078,29
563,118,6615.95,56.0674,0,0.0,0.0467,0.5205,39
564,100,4599.42,45.9942,0,0.0,0.0386,0.1938,25
565,97,4033.97,41.5873,0,0.0,0.0704,0.4344,29
566,136,5236.98,38.5072,0,0.0,0.0591,0.4485,30
569,16,798.36,49.8975,0,0.0,0.0681,0.2694,11
570,61,2381.29,39.0375,0,0.0,0.0455,0.2429,26
571,97,2553.46,26.3243,0,0.0,0.0476,0.2015,31
573,107,2102.88,19.6531,0,0.0,0.0067,0.1329,27
575,57,2365.53,41.5005,1,0.024390243902439025,0.0896,0.8021,28
576,64,2652.33,41.4427,0,0.0,0.0376,0.3717,23
577,75,1931.46,25.7528,0,0.0,0.0312,0.1435,37
580,132,4302.9,32.5977,0,0.0,0.0286,0.672,31
581,54,2516.35,46.5991,1,0.02564102564102564,0.1362,0.6816,30
582,21,555.56,26.4552,0,0.0,0.0695,0.2356,16
583,43,1120.64,26.0614,0,0.0,0.0695,0.2662,22
584,74,1561.83,21.1058,0,0.0,0.0296,0.1308,32
585,104,3438.46,33.0621,0,0.0,0.0133,0.1327,29
586,63,2401.12,38.113,0,0.0,0.0854,0.3319,29
589,27,1056.55,39.1315,0,0.0,0.1047,0.3508,24
592,158,3595.63,22.7572,0,0.0,0.0262,0.159,25
595,35,1338.13,38.2323,0,0.0,0.1211,0.4493,29
596,31,1206.87,38.9313,0,0.0,0.0803,0.288,21
597,111,3606.77,32.4934,0,0.0,0.0263,0.4099,25
598,186,7598.57,40.8525,0,0.0,0.02,0.219,46
601,63,2170.02,34.4448,0,0.0,0.076,0.4904,28
602,94,4066.13,43.2567,0,0.0,0.1119,0.6549,34
604,52,2244.03,43.1544,0,0.0,0.0929,0.6276,23
605,131,3500.03,26.7178,0,0.0,0.0208,0.1742,34
608,50,1160.25,23.205,0,0.0,0.0514,0.1966,22
609,61,2342.51,38.4018,0,0.0,0.0497,0.6213,32
613,95,2030.55,21.3742,0,0.0,0.0258,0.2556,38
614,81,1806.04,22.2968,0,0.0,0.108,0.6166,26
615,90,6298.26,69.9807,0,0.0,0.0364,0.0956,29
616,26,225.6,8.6769,0,0.0,0.0699,0.3134,17
618,43,730.64,16.9916,0,0.0,0.0764,0.3961,25
619,60,3231.19,53.8532,0,0.0,0.1235,0.6653,27
621,39,1711.88,43.8944,0,0.0,0.0642,0.3193,23
623,40,1510.73,37.7682,0,0.0,0.0875,0.4885,21
628,58,4474.92,77.1538,0,0.0,0.0488,0.1801,26
629,78,6580.52,84.3656,0,0.0,0.0621,0.1884,43
630,144,10773.02,74.8126,0,0.0,0.0323,0.1756,28
631,61,2936.88,48.1456,0,0.0,0.0832,0.6929,25
633,32,3427.84,107.12,0,0.0,0.0305,0.0847,24
634,67,3880.88,57.9236,0,0.0,0.1006,0.5144,41
636,42,1712.11,40.7645,1,0.030303030303030304,0.0854,0.292,16
637,113,7791.46,68.951,1,0.013157894736842105,0.0388,0.6241,35
638,36,938.06,26.0572,0,0.0,0.1044,0.3952,25
639,138,3937.11,28.5298,0,0.0,0.0295,0.3676,31
641,156,5268.12,33.77,0,0.0,0.0477,0.3605,39
642,50,1561.23,31.2246,0,0.0,0.1191,0.6859,29
643,98,2952.32,30.1257,0,0.0,0.0158,0.1367,39
644,33,1385.82,41.9945,0,0.0,0.0735,0.37,18
646,69,2405.43,34.8613,0,0.0,0.0778,0.5,36
647,56,310.24,5.54,0,0.0,0.0259,0.3512,16
648,75,1518.36,20.2448,0,0.0,0.0276,0.137,25
649,73,2981.01,40.8358,0,0.0,0.0874,0.5726,40
650,25,860.4,34.416,0,0.0,0.0555,0.2928,11
652,118,4313.34,36.5537,0,0.0,0.0436,0.2492,41
655,108,2365.42,21.902,0,0.0,0.0304,0.2589,36
657,37,888.97,24.0262,0,0.0,0.1255,0.5278,27
658,104,4472.2,43.0019,0,0.0,0.0696,0.5062,40
659,85,2836.77,33.3738,0,0.0,0.0465,0.2652,33
660,38,572.53,15.0666,0,0.0,0.0716,0.3039,25
661,25,699.84,27.9936,0,0.0,0.0398,0.1241,18
662,100,6572.72,65.7272,0,0.0,0.0196,0.216,38
663,95,4584.77,48.2607,0,0.0,0.081,0.4358,39
665,83,3846.4,46.3422,0,0.0,0.0958,0.5558,20
667,113,3931.55,34.7925,0,0.0,0.0457,0.2775,52
668,107,3245.95,30.336,0,0.0,0.0582,0.5325,33
669,85,2818.33,33.1568,0,0.0,0.0439,0.5066,32
671,67,2907.71,43.3987,0,0.0,0.0249,0.17,30
672,140,3404.22,24.3159,0,0.0,0.0183,0.1859,39
674,117,2110.75,18.0406,0,0.0,0.0163,0.0973,37
675,67,1895.72,28.2943,0,0.0,0.0646,0.425,24
676,123,4580.48,37.2397,0,0.0,0.0218,0.3571,36
677,62,2174.49,35.0724,0,0.0,0.0411,0.2909,25
678,61,1776.86,29.1289,0,0.0,0.079,0.4936,22
679,49,1098.59,22.4202,0,0.0,0.0514,0.3334,29
683,67,3292.64,49.1439,0,0.0,0.0535,0.6596,26
684,46,891.39,19.378,0,0.0,0.049,0.2507,21
688,102,3543.86,34.7437,0,0.0,0.0583,0.4262,29
692,66,1050.08,15.9103,0,0.0,0.0286,0.1843,27
696,79,8140.58,103.0453,1,0.018867924528301886,0.0931,0.6166,40
697,32,1674.98,52.3431,0,0.0,0.1017,0.3853,22
699,78,1441.11,18.4758,0,0.0,0.0335,0.203,31
702,107,6593.33,61.6199,0,0.0,0.0646,0.5717,34
704,143,13824.79,96.6769,0,0.0,0.0292,0.1558,42
705,141,5132.27,36.3991,0,0.0,0.0297,0.3521,52
706,70,4535.0,64.7857,0,0.0,0.0536,0.1707,34
708,74,7532.27,101.7874,0,0.0,0.0488,0.1606,39
709,49,1416.92,28.9167,0,0.0,0.0279,0.1477,22
711,75,4844.01,64.5868,0,0.0,0.0385,0.2198,18
712,65,3148.95,48.4454,0,0.0,0.1071,0.5449,37
714,62,2601.8,41.9645,0,0.0,0.0597,0.2247,29
716,95,3574.88,37.6303,0,0.0,0.0215,0.083,23
719,60,2308.74,38.479,0,0.0,0.0589,0.3645,23
720,22,641.43,29.1559,0,0.0,0.039,0.1587,13
721,65,1791.87,27.5672,0,0.0,0.043,0.2261,24
723,69,1888.13,27.3642,0,0.0,0.0732,0.4709,28
724,56,3825.75,68.317,0,0.0,0.1004,0.5824,31
726,67,1969.68,29.3982,0,0.0,0.0706,0.422,30
727,67,1779.25,26.556,0,0.0,0.049,0.3518,22
728,56,1475.22,26.3432,0,0.0,0.0643,0.4731,25
729,71,2978.77,41.9545,1,0.020833333333333332,0.1206,0.8152,34
731,32,2127.46,66.4831,0,0.0,0.0731,0.4448,19
732,42,1960.39,46.676,0,0.0,0.0676,0.3402,26
733,112,6897.25,61.5826,0,0.0,0.0837,0.3743,40
734,74,1726.18,23.3268,0,0.0,0.0446,0.4147,27
737,100,3945.48,39.4548,0,0.0,0.0237,0.1836,36
738,100,6647.31,66.4731,0,0.0,0.0973,0.5601,40
742,55,3990.55,72.5555,0,0.0,0.0398,0.164,34
743,50,2634.49,52.6898,0,0.0,0.1231,0.4078,29
744,72,3140.82,43.6225,0,0.0,0.0642,0.3,28
746,82,3441.02,41.9637,0,0.0,0.0726,0.5087,33
747,83,2421.9,29.1795,0,0.0,0.0386,0.3119,29
748,31,637.91,20.5777,0,0.0,0.0684,0.3199,19
750,53,1683.09,31.7564,0,0.0,0.0682,0.5747,33
751,52,1258.71,24.206,0,0.0,0.097,0.4594,24
752,38,3101.49,81.6182,0,0.0,0.0579,0.1674,22
753,36,1314.74,36.5206,0,0.0,0.1118,0.5598,20
754,111,6180.21,55.6776,0,0.0,0.0436,0.6368,35
755,33,1248.14,37.8224,0,0.0,0.0708,0.4461,20
756,43,1319.64,30.6893,0,0.0,0.0678,0.3968,26
757,87,3661.92,42.091,0,0.0,0.0615,0.2932,27
758,106,2051.46,19.3534,0,0.0,0.0233,0.2665,33
759,52,2706.63,52.0506,0,0.0,0.1185,0.6722,29
760,91,3282.3,36.0692,1,0.015625,0.0661,0.4698,34
762,85,2608.4,30.6871,0,0.0,0.0201,0.1569,28
763,102,8597.5,84.2892,0,0.0,0.0208,0.1412,51
764,53,2629.15,49.6066,0,0.0,0.0735,0.3309,31
771,48,2019.11,42.0648,0,0.0,0.0697,0.3019,20
772,54,1198.38,22.1922,0,0.0,0.0614,0.2929,31
773,84,2834.71,33.7465,0,0.0,0.0354,0.3165,29
774,53,2467.2,46.5509,0,0.0,0.1013,0.7371,28
776,68,6393.66,94.0244,0,0.0,0.0367,0.1731,25
779,139,5991.92,43.1073,0,0.0,0.0599,0.3281,51
780,53,1260.91,23.7908,0,0.0,0.0257,0.1659,18
782,165,5856.03,35.4911,0,0.0,0.0329,0.3616,30
783,38,1010.94,26.6037,0,0.0,0.0653,0.2463,24
789,49,3258.14,66.4927,0,0.0,0.0633,0.1933,33
790,77,2471.48,32.0971,0,0.0,0.0172,0.151,24
791,42,1983.65,47.2298,0,0.0,0.127,0.4935,24
793,59,533.09,9.0354,0,0.0,0.0541,0.3461,26
794,21,840.94,40.0448,0,0.0,0.0948,0.5565,12
795,119,6765.6,56.8538,0,0.0,0.0338,0.4637,34
797,52,4238.46,81.5088,0,0.0,0.0856,0.2361,32
798,52,3520.09,67.694,0,0.0,0.0575,0.2945,32
799,37,2334.42,63.0924,0,0.0,0.0736,0.2709,21
801,55,2887.51,52.5002,0,0.0,0.127,0.578,35
802,81,4295.17,53.0268,0,0.0,0.0845,0.5644,30
803,79,2085.92,26.4041,0,0.0,0.0615,0.6473,31
804,110,3263.65,29.6695,0,0.0,0.052,0.4003,45
807,57,2628.66,46.1168,0,0.0,0.0766,0.3943,30
808,87,6527.57,75.0295,0,0.0,0.0813,0.3245,36
810,114,4131.37,36.2401,0,0.0,0.0733,0.3272,30
811,107,8636.87,80.7184,0,0.0,0.0487,0.19,47
814,83,3742.0,45.0843,0,0.0,0.0587,0.6223,36
816,65,3424.18,52.6797,0,0.0,0.0969,0.4471,28
819,54,1988.94,36.8322,0,0.0,0.0625,0.452,26
820,112,4942.46,44.1291,0,0.0,0.0467,0.2916,52
821,35,918.42,26.2406,0,0.0,0.0832,0.4485,21
822,57,1923.76,33.7502,0,0.0,0.1107,0.405,27
823,59,1737.75,29.4534,0,0.0,0.0742,0.2968,29
825,78,5090.62,65.2644,0,0.0,0.0656,0.2725,33
826,38,2273.33,59.8245,1,0.037037037037037035,0.1106,0.7059,31
827,59,3600.22,61.0207,0,0.0,0.0869,0.4402,32
828,153,5083.64,33.2264,0,0.0,0.0206,0.2552,37
831,48,878.87,18.3098,0,0.0,0.1368,0.4642,34
832,51,3743.8,73.4078,1,0.030303030303030304,0.0965,0.2541,35
837,63,2160.89,34.2998,0,0.0,0.0303,0.2273,28
839,35,2297.91,65.6546,0,0.0,0.0754,0.2031,25
840,111,13050.3,117.5703,0,0.0,0.0704,0.2285,32
843,57,2692.83,47.2426,0,0.0,0.0571,0.3569,22
844,18,1285.38,71.41,1,0.08333333333333333,0.1695,0.7576,16
845,81,3059.05,37.766,0,0.0,0.0749,0.4369,29
846,154,6405.75,41.5958,0,0.0,0.0331,0.2397,43
847,93,4876.61,52.4367,0,0.0,0.0567,0.3388,36
848,50,3352.16,67.0432,0,0.0,0.0533,0.591,26
849,71,1292.58,18.2054,0,0.0,0.0287,0.1587,25
850,47,1656.0,35.234,0,0.0,0.0487,0.1782,22
851,45,1882.15,41.8256,0,0.0,0.0577,0.3961,25
852,162,2949.76,18.2084,0,0.0,0.0222,0.1957,33
855,71,1043.68,14.6997,0,0.0,0.0247,0.1899,24
856,106,9191.18,86.7092,0,0.0,0.0406,0.1477,45
858,132,2344.52,17.7615,0,0.0,0.0562,0.4299,27
859,96,3632.72,37.8408,0,0.0,0.0763,0.5955,37
860,132,6005.15,45.4936,0,0.0,0.0238,0.156,45
862,46,1348.89,29.3237,0,0.0,0.0441,0.2599,18
863,33,1377.3,41.7364,0,0.0,0.0888,0.6111,18
865,84,5889.99,70.1189,0,0.0,0.0795,0.3963,28
866,76,3012.7,39.6408,0,0.0,0.0526,0.4688,40
868,67,4357.78,65.0415,0,0.0,0.1159,0.3456,34
869,46,2376.05,51.6533,0,0.0,0.1298,0.7717,29
870,86,3476.35,40.4227,0,0.0,0.0341,0.5013,35
871,143,4501.01,31.4756,1,0.01020408163265306,0.0563,0.6566,31
872,94,5285.98,56.2338,0,0.0,0.081,0.6163,27
875,36,1137.03,31.5842,0,0.0,0.0879,0.5654,21
876,49,1788.98,36.5098,0,0.0,0.0656,0.3401,18
877,68,4342.76,63.8641,0,0.0,0.0613,0.299,27
879,75,1822.54,24.3005,0,0.0,0.0328,0.2258,26
882,60,1858.08,30.968,0,0.0,0.064,0.4956,21
883,21,979.53,46.6443,0,0.0,0.0829,0.2884,16
884,126,3774.62,29.9573,0,0.0,0.0191,0.1811,34
885,79,1123.76,14.2248,0,0.0,0.0128,0.1468,22
888,34,1721.03,50.6185,0,0.0,0.0843,0.1933,18
890,70,3627.28,51.8183,1,0.025,0.0778,0.6676,31
891,101,2708.01,26.812,0,0.0,0.0844,0.6011,37
895,54,2661.88,49.2941,0,0.0,0.0906,0.3166,32
897,11,189.65,17.2409,0,0.0,0.0443,0.0958,9
898,62,1827.72,29.4794,0,0.0,0.0736,0.2582,23
900,52,1575.57,30.2994,1,0.029411764705882353,0.0719,0.5702,25
901,52,2077.86,39.9588,2,0.05555555555555555,0.1107,0.646,25
905,66,4044.18,61.2755,0,0.0,0.1145,0.6317,31
906,70,2273.21,32.4744,0,0.0,0.0689,0.4909,31
908,72,3282.38,45.5886,0,0.0,0.0706,0.4648,37
909,312,6839.17,21.9204,0,0.0,0.0195,0.2717,35
912,63,1953.5,31.0079,0,0.0,0.0534,0.3794,24
913,31,991.84,31.9948,1,0.047619047619047616,0.0987,0.2949,19
914,124,2537.37,20.4627,0,0.0,0.0313,0.4762,28
917,29,1117.34,38.529,0,0.0,0.1042,0.468,19
918,51,1464.68,28.7192,0,0.0,0.081,0.191,22
920,40,1265.13,31.6282,0,0.0,0.0648,0.5296,17
921,112,6877.33,61.4047,0,0.0,0.0643,0.478,34
924,36,1626.95,45.1931,0,0.0,0.0675,0.3713,26
928,66,2943.56,44.5994,0,0.0,0.1056,0.7115,30
931,64,3899.58,60.9309,0,0.0,0.0177,0.1081,30
932,107,5107.72,47.7357,0,0.0,0.0657,0.7151,42
933,64,160.4,2.5063,0,0.0,0.0429,0.1529,32
938,73,3949.33,54.1004,0,0.0,0.018,0.1764,34
939,52,2974.84,57.2085,0,0.0,0.0774,0.3237,30
940,80,3328.46,41.6058,0,0.0,0.0752,0.4613,32
942,113,5812.46,51.4377,0,0.0,0.0582,0.4124,34
944,86,9316.32,108.3293,0,0.0,0.0409,0.2282,40
946,82,1582.77,19.3021,0,0.0,0.0537,0.3407,33
947,108,6556.64,60.7096,0,0.0,0.0708,0.5107,36
948,57,2743.85,48.1377,0,0.0,0.0865,0.5255,32
949,64,3435.4,53.6781,0,0.0,0.0883,0.601,33
951,93,2411.81,25.9334,0,0.0,0.0233,0.1084,31
952,60,5555.47,92.5912,0,0.0,0.0426,0.2209,31
954,154,6365.0,41.3312,0,0.0,0.0326,0.2466,37
955,11,325.93,29.63,0,0.0,0.0713,0.2969,10
957,89,4810.13,54.0464,0,0.0,0.048,0.1775,44
961,101,4065.28,40.2503,0,0.0,0.0335,0.46,34
962,43,1882.53,43.7798,0,0.0,0.0563,0.3068,20
963,32,714.33,22.3228,0,0.0,0.0478,0.1087,18
964,48,1788.44,37.2592,0,0.0,0.0946,0.4997,23
970,96,2561.81,26.6855,0,0.0,0.051,0.2351,31
972,109,3320.78,30.4659,0,0.0,0.0148,0.3499,23
973,122,2157.26,17.6825,0,0.0,0.0086,0.0756,27
976,110,6530.01,59.3637,0,0.0,0.0606,0.4683,33
977,92,2162.79,23.5086,0,0.0,0.0586,0.4759,28
979,43,2790.82,64.9028,0,0.0,0.1131,0.3268,22
980,44,1289.08,29.2973,0,0.0,0.0851,0.5693,27
983,60,1945.77,32.4295,0,0.0,0.0784,0.4147,31
984,87,4487.11,51.576,1,0.016666666666666666,0.1101,0.7897,34
985,88,7963.91,90.499,0,0.0,0.0406,0.1527,29
986,95,1139.47,11.9944,0,0.0,0.024,0.2685,25
987,200,6845.63,34.2282,0,0.0,0.0117,0.1158,42
988,57,2860.29,50.1805,0,0.0,0.0582,0.2717,25
989,100,12887.94,128.8794,1,0.015873015873015872,0.068,0.3316,54
990,52,1680.16,32.3108,0,0.0,0.0308,0.2518,16
992,58,3420.4,58.9724,0,0.0,0.0938,0.3968,30
994,62,1256.21,20.2615,0,0.0,0.0178,0.1645,21
996,111,5165.08,46.5323,0,0.0,0.0935,0.6225,29
997,245,9409.43,38.4058,0,0.0,0.0224,0.2052,61
1002,43,1653.13,38.4449,0,0.0,0.0573,0.1844,25
1003,75,6813.01,90.8401,0,0.0,0.0138,0.1102,34
1006,62,2898.25,46.746,0,0.0,0.0984,0.359,23
1008,129,2358.62,18.2839,0,0.0,0.02,0.1883,39
1009,44,1361.49,30.943,0,0.0,0.0638,0.3942,23
1012,28,1660.91,59.3182,0,0.0,0.1021,0.2588,24
1016,18,391.42,21.7456,0,0.0,0.0555,0.16,15
1018,131,5974.5,45.6069,0,0.0,0.0259,0.2346,46
1019,59,3144.58,53.298,0,0.0,0.0995,0.6215,31
1020,114,5366.26,47.0725,0,0.0,0.036,0.4329,36
1022,89,5895.42,66.2407,0,0.0,0.0784,0.3388,25
1024,134,2815.28,21.0096,0,0.0,0.0303,0.334,39
1026,80,1999.97,24.9996,0,0.0,0.0706,0.6482,31
1027,53,4238.89,79.9791,0,0.0,0.0606,0.2865,34
1028,110,6239.12,56.7193,0,0.0,0.052,0.3842,44
1029,47,3871.6,82.3745,0,0.0,0.0644,0.1551,26
1030,73,780.28,10.6888,1,0.018867924528301886,0.0642,0.6403,32
1031,72,3587.32,49.8239,0,0.0,0.1414,0.7402,30
1034,95,6254.57,65.8376,0,0.0,0.0676,0.3218,32
1039,127,5659.52,44.5631,0,0.0,0.0727,0.5463,31
1041,58,2136.89,36.8429,0,0.0,0.0514,0.3672,29
1046,108,3650.09,33.7971,0,0.0,0.0263,0.3197,28
1047,82,4122.44,50.2737,0,0.0,0.0249,0.2684,36
1048,54,5503.77,101.9217,0,0.0,0.0741,0.2789,31
1050,126,4586.15,36.398,0,0.0,0.0206,0.2877,29
1052,94,8025.76,85.3804,0,0.0,0.0343,0.1131,31
1053,91,6138.71,67.4584,0,0.0,0.0436,0.2202,37
1054,64,3154.76,49.2931,0,0.0,0.0691,0.3002,36
1058,89,4487.89,50.4257,0,0.0,0.0472,0.5077,30
1060,49,2019.08,41.2057,0,0.0,0.0591,0.5659,21
1063,129,5138.31,39.8319,0,0.0,0.0389,0.1509,37
1066,139,12032.51,86.5648,0,0.0,0.0243,0.2209,21
1067,111,2375.65,21.4023,0,0.0,0.0508,0.2447,53
1069,97,3097.72,31.9353,0,0.0,0.0234,0.1732,26
1070,70,2695.01,38.5001,0,0.0,0.0871,0.4383,36
1072,93,3850.49,41.4031,0,0.0,0.0167,0.3442,26
1073,74,3370.49,45.5472,0,0.0,0.0193,0.1538,37
1074,48,1870.69,38.9727,1,0.03571428571428571,0.1261,0.6449,31
1075,144,5917.74,41.0954,0,0.0,0.0205,0.3058,32
1076,52,1868.65,35.9356,0,0.0,0.1022,0.6435,26
1077,163,3457.78,21.2134,0,0.0,0.0123,0.1436,34
1078,79,5563.91,70.4292,0,0.0,0.055,0.1906,35
1079,105,7291.53,69.4431,1,0.013513513513513514,0.0693,0.6514,44
1080,103,3075.34,29.8577,0,0.0,0.0234,0.1965,28
1081,135,5638.35,41.7656,0,0.0,0.0276,0.4032,29
1082,40,2120.56,53.014,0,0.0,0.062,0.1738,17
1083,174,7407.9,42.5741,0,0.0,0.0305,0.4462,27
1084,98,4843.32,49.4216,0,0.0,0.0499,0.4825,37
1086,28,1524.85,54.4589,0,0.0,0.0584,0.1351,20
1087,59,1752.16,29.6976,1,0.025,0.1205,0.6569,27
1088,62,2286.63,36.8811,0,0.0,0.0662,0.3118,22
1089,82,2609.79,31.8267,1,0.018867924528301886,0.0466,0.7074,34
1091,57,3858.91,67.7002,0,0.0,0.069,0.2915,28
1094,48,2789.46,58.1138,0,0.0,0.1551,0.5923,23
1095,50,1691.82,33.8364,0,0.0,0.0655,0.6465,27
1096,132,5406.97,40.9619,0,0.0,0.0241,0.1724,36
1097,61,2341.35,38.3828,1,0.023809523809523808,0.0895,0.5683,31
1098,352,7911.69,22.4764,0,0.0,0.0148,0.1606,46
1100,62,6063.53,97.7989,0,0.0,0.0552,0.1839,21
1102,130,7911.6,60.8585,1,0.011363636363636364,0.0582,0.3737,46
1103,105,3539.6,33.7105,0,0.0,0.0313,0.135,39
1104,113,5811.39,51.4282,0,0.0,0.0665,0.5767,37
1105,105,6194.98,58.9998,1,0.014084507042253521,0.1064,0.6055,32
1106,83,1483.17,17.8695,0,0.0,0.0503,0.209,28
1107,95,3116.14,32.8015,0,0.0,0.049,0.5538,34
1114,77,2772.44,36.0057,0,0.0,0.0735,0.5894,35
1115,88,5049.46,57.3802,0,0.0,0.0668,0.4747,35
1116,124,7607.37,61.3498,0,0.0,0.0892,0.5606,48
1117,97,6620.27,68.2502,0,0.0,0.0193,0.0991,23
1118,49,5378.27,109.7606,0,0.0,0.0494,0.1537,28
1121,131,5443.25,41.5515,0,0.0,0.0383,0.336,59
1123,70,1100.25,15.7179,0,0.0,0.0238,0.1366,22
1125,22,889.73,40.4423,0,0.0,0.0936,0.4778,15
1127,122,4428.21,36.2968,0,0.0,0.0436,0.44,26
1128,70,1474.65,21.0664,0,0.0,0.0871,0.5774,32
1129,97,3978.48,41.0153,0,0.0,0.0455,0.3796,29
1130,120,5765.13,48.0428,0,0.0,0.0326,0.3223,41
1131,77,6721.06,87.2865,0,0.0,0.0587,0.2527,29
1133,61,1252.3,20.5295,0,0.0,0.0959,0.5226,32
1135,113,5203.88,46.052,0,0.0,0.0575,0.5206,31
1137,49,3075.73,62.77,0,0.0,0.0872,0.3814,27
1138,143,5179.32,36.219,1,0.011627906976744186,0.0462,0.5919,32
1140,88,3189.05,36.2392,0,0.0,0.0596,0.2137,34
1141,96,2642.26,27.5235,0,0.0,0.0616,0.321,33
1142,57,4058.67,71.2047,0,0.0,0.0876,0.5529,25
1144,169,5534.51,32.7486,0,0.0,0.0359,0.198,50
1145,149,6449.86,43.2877,0,0.0,0.0308,0.4092,39
1147,195,5465.07,28.026,0,0.0,0.0191,0.2133,56
1148,69,2560.95,37.1152,0,0.0,0.043,0.4526,25
1150,99,3204.66,32.3703,0,0.0,0.0534,0.4575,41
1151,44,534.89,12.1566,0,0.0,0.0483,0.23,19
1153,34,747.75,21.9926,0,0.0,0.0337,0.1594,20
1155,111,4388.59,39.5368,0,0.0,0.0462,0.4296,29
1156,97,7090.26,73.0955,0,0.0,0.0354,0.314,30
1163,34,2827.09,83.1497,0,0.0,0.0707,0.2826,23
1164,70,5631.13,80.4447,0,0.0,0.0297,0.1608,39
1166,129,2936.21,22.7613,0,0.0,0.0127,0.1337,22
1168,224,15703.82,70.1063,1,0.00684931506849315,0.036,0.5697,46
1169,232,9778.78,42.1499,0,0.0,0.0297,0.2974,40
1170,75,3206.39,42.7519,0,0.0,0.0453,0.3958,31
1171,49,2785.33,56.8435,1,0.03333333333333333,0.1239,0.8332,27
1173,71,3475.57,48.9517,1,0.018867924528301886,0.096,0.4506,39
1176,127,6692.18,52.6943,0,0.0,0.0277,0.5232,37
1177,98,1545.3,15.7684,0,0.0,0.0632,0.47,47
1179,45,3052.64,67.8364,0,0.0,0.1255,0.4572,29
1180,93,5446.15,58.5608,0,0.0,0.0276,0.2342,33
1181,90,5512.13,61.2459,0,0.0,0.0799,0.4027,43
1183,59,1861.04,31.5431,0,0.0,0.0857,0.5199,33
1184,77,3569.94,46.3629,0,0.0,0.0689,0.6515,28
1187,26,1236.74,47.5669,0,0.0,0.0633,0.2945,19
1189,53,2158.16,40.72,0,0.0,0.0616,0.3208,26
1190,177,6227.33,35.1827,0,0.0,0.0259,0.3918,35
1192,53,1227.26,23.1558,0,0.0,0.0338,0.1953,21
1193,108,4130.82,38.2483,0,0.0,0.0936,0.5465,43
1194,98,3208.13,32.736,0,0.0,0.0237,0.3899,23
1195,99,4755.62,48.0366,0,0.0,0.1012,0.5169,38
1196,64,3552.28,55.5044,0,0.0,0.0763,0.4794,24
1198,127,5482.88,43.1723,0,0.0,0.0185,0.2111,33
1201,55,5433.27,98.7867,0,0.0,0.0639,0.1931,42
1202,77,732.62,9.5145,0,0.0,0.0122,0.143,19
1203,42,1240.32,29.5314,0,0.0,0.0811,0.2068,24
1204,45,3243.31,72.0736,0,0.0,0.1363,0.5637,30
1207,121,4383.27,36.2254,0,0.0,0.0375,0.6781,27
1208,85,1908.32,22.4508,0,0.0,0.0647,0.5719,25
1209,144,7474.72,51.9078,1,0.010416666666666666,0.0645,0.6891,40
1210,76,2748.86,36.1692,0,0.0,0.0649,0.5278,25
1211,59,3714.16,62.9519,0,0.0,0.0885,0.5124,29
1213,41,554.22,13.5176,0,0.0,0.0731,0.2764,18
1214,88,3614.75,41.0767,0,0.0,0.0463,0.3823,31
1217,60,3450.69,57.5115,0,0.0,0.0688,0.2022,26
1219,76,6317.42,83.1239,0,0.0,0.0288,0.2412,36
1221,84,2296.03,27.3337,1,0.01639344262295082,0.0559,0.6092,24
1222,110,3077.62,27.9784,0,0.0,0.0089,0.1219,37
1223,3,2397.89,799.2967,0,0.0,0.0805,0.1475,3
1224,134,4359.58,32.5342,0,0.0,0.0402,0.5231,37
1225,101,4994.41,49.4496,0,0.0,0.0173,0.4592,30
1226,63,3278.34,52.0371,0,0.0,0.1414,0.6095,28
1227,84,2151.48,25.6129,0,0.0,0.063,0.422,31
1228,81,3347.95,41.3327,1,0.018518518518518517,0.0717,0.8815,34
1229,59,4683.67,79.3842,0,0.0,0.0782,0.2346,34
1234,91,1682.77,18.492,0,0.0,0.014,0.1339,28
1236,94,2134.88,22.7115,0,0.0,0.0583,0.3586,32
1237,180,6294.26,34.9681,0,0.0,0.043,0.6021,38
1238,81,6844.51,84.5001,0,0.0,0.029,0.1297,31
1239,78,3285.01,42.1155,0,0.0,0.0997,0.7274,30
1240,93,2826.45,30.3919,0,0.0,0.0335,0.1896,36
1241,105,8353.87,79.5607,0,0.0,0.0401,0.18,33
1242,73,2814.23,38.5511,0,0.0,0.0572,0.3236,32
1243,49,3660.81,74.7104,0,0.0,0.119,0.2886,29
1245,76,2589.07,34.0667,0,0.0,0.0667,0.3287,34
1246,56,2832.52,50.5807,0,0.0,0.1186,0.5883,29
1247,59,2524.46,42.7875,0,0.0,0.1008,0.5015,33
1248,77,3339.42,43.3691,0,0.0,0.0216,0.286,27
1250,88,3170.66,36.0302,0,0.0,0.0513,0.4193,36
1251,71,1983.56,27.9375,0,0.0,0.0446,0.4684,32
1253,152,8144.53,53.5824,0,0.0,0.0719,0.308,45
1254,64,1596.67,24.948,0,0.0,0.074,0.4963,23
1256,104,3210.83,30.8734,0,0.0,0.0389,0.6487,25
1257,40,2145.33,53.6332,0,0.0,0.1093,0.4181,28
1258,81,3436.69,42.4283,0,0.0,0.0536,0.3899,31
1259,79,5798.88,73.4035,0,0.0,0.0622,0.2292,35
1260,33,682.97,20.6961,0,0.0,0.0544,0.2526,23
1261,63,2218.64,35.2165,0,0.0,0.0179,0.1524,32
1262,91,1021.35,11.2236,0,0.0,0.0443,0.3671,31
1263,50,2144.68,42.8936,0,0.0,0.0433,0.4296,20
1266,46,1212.54,26.3596,0,0.0,0.0664,0.2782,20
1267,47,3057.0,65.0426,0,0.0,0.1217,0.5239,36
1268,39,1484.49,38.0638,0,0.0,0.0427,0.2264,18
1269,108,3937.38,36.4572,0,0.0,0.0241,0.2715,31
1274,141,7337.65,52.0401,0,0.0,0.0976,0.4824,38
1276,38,3505.22,92.2426,0,0.0,0.0849,0.3218,28
1279,107,4088.08,38.2064,0,0.0,0.073,0.546,36
1281,36,1562.17,43.3936,0,0.0,0.075,0.3484,22
1282,55,2102.61,38.2293,0,0.0,0.051,0.5243,28
1283,66,3725.06,56.4403,0,0.0,0.0891,0.5335,29
1284,43,3576.28,83.1693,0,0.0,0.0883,0.2989,25
1285,87,5923.04,68.0809,0,0.0,0.0625,0.3154,40
1286,105,6614.78,62.9979,0,0.0,0.0271,0.2693,43
1288,77,2022.45,26.2656,0,0.0,0.0686,0.2162,28
1289,21,194.01,9.2386,0,0.0,0.0292,0.2271,13
1291,60,5107.94,85.1323,0,0.0,0.0786,0.1815,29
1293,136,7736.41,56.8854,0,0.0,0.0137,0.1536,35
1294,83,5482.76,66.0573,0,0.0,0.0318,0.2035,47
1295,174,5353.64,30.768,0,0.0,0.0251,0.2793,50
1296,169,4726.68,27.9685,0,0.0,0.0148,0.1453,34
1298,44,1610.79,36.6089,0,0.0,0.1018,0.5673,23
1299,50,2671.17,53.4234,0,0.0,0.0916,0.5545,26
1300,109,2208.64,20.2628,0,0.0,0.0204,0.1505,30
1301,68,2046.75,30.0993,0,0.0,0.0893,0.5709,28
1302,80,4058.45,50.7306,0,0.0,0.0208,0.1303,18
1303,32,2755.29,86.1028,0,0.0,0.0783,0.2702,24
1305,61,2705.61,44.3543,0,0.0,0.0578,0.2741,30
1307,67,4610.18,68.8087,0,0.0,0.0458,0.2576,28
1313,115,3827.4,33.2817,0,0.0,0.0075,0.095,27
1314,139,4705.3,33.8511,0,0.0,0.0099,0.0816,41
1315,91,2987.57,32.8304,0,0.0,0.0333,0.2557,27
1317,54,1511.04,27.9822,0,0.0,0.0534,0.3114,26
1323,90,3104.78,34.4976,0,0.0,0.0748,0.2826,35
1324,73,4174.21,57.181,0,0.0,0.0719,0.3742,26
1326,58,493.12,8.5021,0,0.0,0.0707,0.4632,27
1330,139,6337.16,45.5911,0,0.0,0.042,0.5358,34
1331,50,255.68,5.1136,0,0.0,0.0377,0.1879,15
1332,55,2377.62,43.2295,0,0.0,0.0809,0.4807,31
1334,58,2157.7,37.2017,0,0.0,0.0688,0.5449,26
1335,74,6664.31,90.0582,0,0.0,0.0345,0.1536,41
1340,161,13855.6,86.0596,0,0.0,0.0355,0.1456,50
1341,109,5255.16,48.2125,3,0.0379746835443038,0.084,0.7358,42
1344,93,2998.18,32.2385,0,0.0,0.0347,0.3383,24
1345,76,3401.97,44.7628,0,0.0,0.0744,0.5093,41
1347,38,2394.79,63.0208,0,0.0,0.0782,0.1912,28
1348,94,547.34,5.8228,0,0.0,0.0179,0.1802,20
1352,45,2497.68,55.504,0,0.0,0.0777,0.407,22
1353,47,2327.06,49.5119,0,0.0,0.1061,0.3233,26
1356,73,2269.14,31.0841,0,0.0,0.0571,0.3048,31
1357,120,2783.0,23.1917,0,0.0,0.0433,0.4335,39
1358,38,811.65,21.3592,0,0.0,0.029,0.1697,20
1360,34,1093.2,32.1529,0,0.0,0.0562,0.3365,20
1361,52,1528.09,29.3863,0,0.0,0.0536,0.2255,22
1362,54,2445.44,45.2859,0,0.0,0.1014,0.5413,29
1364,28,217.79,7.7782,0,0.0,0.0491,0.1257,16
1366,58,2220.82,38.29,0,0.0,0.0695,0.6952,28
1367,64,1781.43,27.8348,0,0.0,0.1127,0.4126,30
1369,145,3728.22,25.7119,0,0.0,0.0194,0.1367,42
1370,75,5390.02,71.8669,0,0.0,0.0978,0.4471,39
1371,85,2491.75,29.3147,0,0.0,0.0317,0.4652,29
1376,90,4235.03,47.0559,0,0.0,0.0601,0.516,32
1378,95,4710.76,49.5869,0,0.0,0.0571,0.5795,34
1379,147,5995.95,40.7888,0,0.0,0.0765,0.3521,37
1381,137,3455.85,25.2252,0,0.0,0.0209,0.1819,45
1382,158,2689.38,17.0214,0,0.0,0.0262,0.1562,34
1383,110,5161.96,46.9269,0,0.0,0.0191,0.1887,44
1384,82,3326.53,40.5674,0,0.0,0.046,0.467,41
1385,103,11093.48,107.7037,0,0.0,0.0613,0.1929,38
1391,154,6601.59,42.8675,0,0.0,0.0238,0.4074,35
1393,85,3468.39,40.8046,0,0.0,0.023,0.1775,37
1394,106,4710.09,44.4348,0,0.0,0.0768,0.7125,40
1397,72,1755.33,24.3796,0,0.0,0.0813,0.5625,35
1398,132,6829.06,51.7353,0,0.0,0.0704,0.3427,36
1403,114,6954.72,61.0063,0,0.0,0.0338,0.2526,35
1404,27,1574.18,58.303,0,0.0,0.0802,0.3552,17
1405,78,3686.39,47.2614,0,0.0,0.0427,0.3672,38
1406,59,1083.12,18.358,0,0.0,0.0486,0.2308,31
1407,185,8177.89,44.2048,1,0.007352941176470588,0.0416,0.6298,51
1411,91,4611.47,50.6755,0,0.0,0.0498,0.2585,33
1412,111,6422.32,57.8587,0,0.0,0.071,0.3785,45
1413,71,2848.81,40.1241,0,0.0,0.0807,0.6085,31
1416,86,6532.51,75.9594,0,0.0,0.0381,0.2652,41
1417,63,3813.19,60.5268,1,0.025,0.1218,0.5781,30
1421,26,1703.11,65.5042,0,0.0,0.0726,0.2859,13
1422,68,1538.07,22.6187,0,0.0,0.1082,0.5517,32
1424,116,1854.65,15.9884,0,0.0,0.0154,0.127,25
1425,99,5863.46,59.2269,0,0.0,0.0446,0.5796,31
1427,67,3823.02,57.06,0,0.0,0.0319,0.2318,30
1428,119,672.21,5.6488,0,0.0,0.0103,0.152,21
1429,54,2728.94,50.5359,0,0.0,0.0899,0.5575,22
1430,57,3019.49,52.9735,0,0.0,0.0996,0.4904,30
1432,121,4308.37,35.6064,0,0.0,0.0443,0.2761,37
1433,116,5189.46,44.7367,0,0.0,0.0332,0.3353,44
1434,26,909.63,34.9858,0,0.0,0.0744,0.2981,17
1435,144,7818.99,54.2985,0,0.0,0.0194,0.2648,44
1437,132,4715.25,35.7216,0,0.0,0.0374,0.4474,40
1439,65,1123.84,17.2898,0,0.0,0.0356,0.1881,23
1442,100,4200.58,42.0058,0,0.0,0.0216,0.2483,32
1443,101,4724.53,46.7775,0,0.0,0.0778,0.4788,39
1444,95,6780.85,71.3774,1,0.01694915254237288,0.1051,0.7141,36
1445,101,1658.22,16.418,0,0.0,0.029,0.3608,30
1446,40,1797.13,44.9282,1,0.03225806451612903,0.1025,0.6419,18
1448,148,5850.86,39.5328,0,0.0,0.0286,0.4539,30
1449,82,2703.5,32.9695,0,0.0,0.0744,0.4981,39
1451,162,8538.23,52.7051,0,0.0,0.045,0.2992,50
1452,202,4648.36,23.0117,0,0.0,0.0151,0.1568,39
1453,134,3832.25,28.5989,0,0.0,0.0212,0.3007,32
1455,69,1371.55,19.8775,0,0.0,0.0653,0.6368,28
1456,101,6199.02,61.3764,0,0.0,0.0579,0.6363,42
1458,39,2390.14,61.2856,0,0.0,0.1023,0.3664,32
1459,169,3003.98,17.775,0,0.0,0.0234,0.3459,24
1461,102,2570.03,25.1964,0,0.0,0.0572,0.4035,34
1463,157,4219.11,26.8733,1,0.008928571428571428,0.0433,0.6267,36
1464,71,5794.06,81.6065,0,0.0,0.0465,0.1573,29
1466,107,3261.8,30.4841,0,0.0,0.0221,0.1842,38
1467,71,2494.71,35.1368,0,0.0,0.0172,0.1265,25
1470,47,2275.84,48.4221,0,0.0,0.1378,0.6338,28
1471,47,2021.09,43.0019,0,0.0,0.0557,0.2582,19
1473,50,1795.87,35.9174,0,0.0,0.0498,0.4101,22
1475,151,4343.91,28.7676,0,0.0,0.0252,0.4049,32
1477,66,2148.0,32.5455,0,0.0,0.0267,0.1602,24
1478,74,3943.12,53.2854,0,0.0,0.0902,0.5242,36
1479,52,1464.61,28.1656,0,0.0,0.0486,0.2812,26
1482,83,4330.52,52.1749,0,0.0,0.0335,0.3115,42
1484,119,2917.73,24.5187,0,0.0,0.0403,0.4085,30
1485,91,3946.4,43.367,0,0.0,0.0939,0.661,35
1486,35,883.01,25.2289,0,0.0,0.0702,0.188,22
1487,102,7298.6,71.5549,0,0.0,0.0452,0.1893,46
1488,64,1827.55,28.5555,0,0.0,0.0455,0.2523,28
1490,73,2813.21,38.5371,1,0.02564102564102564,0.0605,0.3387,27
1492,93,3006.53,32.3283,0,0.0,0.0486,0.5935,31
1493,63,5461.37,86.6884,0,0.0,0.0569,0.1588,18
1494,25,881.9,35.276,1,0.058823529411764705,0.0864,0.5363,13
1495,104,5178.61,49.7943,0,0.0,0.0626,0.5348,34
1497,60,2843.56,47.3927,0,0.0,0.0494,0.3397,30
1498,70,4329.06,61.8437,0,0.0,0.0523,0.1949,44
1499,34,1251.73,36.8156,0,0.0,0.0762,0.29,22
1500,73,4571.28,62.6203,0,0.0,0.0888,0.5627,40
1503,55,1353.11,24.602,0,0.0,0.0845,0.6682,32
1504,53,2034.31,38.3832,0,0.0,0.0787,0.4069,27
1507,57,2574.82,45.1723,0,0.0,0.0988,0.5875,20
1508,46,1132.54,24.6204,0,0.0,0.0674,0.4928,24
1509,106,4331.2,40.8604,0,0.0,0.0543,0.5266,39
1510,18,1428.89,79.3828,0,0.0,0.0794,0.191,14
1511,74,3066.53,41.4396,0,0.0,0.0626,0.5306,32
1512,79,3337.87,42.2515,0,0.0,0.0472,0.4531,36
1513,80,4558.85,56.9856,0,0.0,0.0803,0.5618,26
1514,44,1654.44,37.6009,0,0.0,0.0671,0.4989,22
1515,72,3400.81,47.2335,1,0.019230769230769232,0.1291,0.5653,40
1516,109,3978.73,36.5021,0,0.0,0.0419,0.2732,48
1517,70,4298.47,61.4067,0,0.0,0.0819,0.5585,34
1518,69,3484.83,50.5048,0,0.0,0.0961,0.6547,27
1519,75,1721.33,22.9511,0,0.0,0.0202,0.111,27
1520,111,4717.8,42.5027,0,0.0,0.0618,0.3106,33
1521,37,1547.32,41.8195,0,0.0,0.0447,0.1696,17
1523,58,923.62,15.9245,0,0.0,0.0385,0.161,22
1525,71,1193.28,16.8068,0,0.0,0.0729,0.4376,33
1526,53,2674.43,50.4609,0,0.0,0.1012,0.4956,25
1527,16,777.23,48.5769,0,0.0,0.1496,0.4157,16
1528,150,8171.72,54.4781,0,0.0,0.0626,0.2599,35
1529,139,5232.19,37.6417,0,0.0,0.0292,0.3218,40
1530,29,363.7,12.5414,0,0.0,0.046,0.2286,16
1531,60,2060.17,34.3362,0,0.0,0.0367,0.2147,28
1533,71,4344.47,61.1897,0,0.0,0.1051,0.5508,38
1534,157,7283.6,46.3924,0,0.0,0.0185,0.2485,42
1535,71,3294.92,46.4073,0,0.0,0.0585,0.2545,31
1538,93,4023.65,43.2651,0,0.0,0.0253,0.4747,24
1540,173,6673.78,38.5768,1,0.008547008547008548,0.0237,0.6314,37
1541,167,5422.64,32.4709,1,0.009009009009009009,0.0514,0.6504,43
1542,53,1034.24,19.514,0,0.0,0.0211,0.204,17
1543,154,6675.78,43.3492,0,0.0,0.0499,0.396,37
1544,57,4196.84,73.6288,0,0.0,0.0968,0.662,28
1546,51,2154.2,42.2392,0,0.0,0.058,0.4767,24
1549,50,2603.06,52.0612,0,0.0,0.1104,0.325,25
1551,98,8130.73,82.9666,0,0.0,0.0496,0.1976,31
1552,40,3164.95,79.1238,0,0.0,0.0316,0.1249,17
1555,15,921.22,61.4147,0,0.0,0.091,0.3247,14
1556,47,2249.19,47.8551,1,0.034482758620689655,0.1016,0.6302,21
1557,37,735.45,19.877,0,0.0,0.1003,0.3599,27
1558,95,5772.58,60.764,0,0.0,0.0356,0.3933,25
1559,234,7050.44,30.1301,1,0.007042253521126761,0.0063,0.1393,38
1560,44,2280.36,51.8264,0,0.0,0.1088,0.6127,19
1561,71,3950.76,55.6445,0,0.0,0.101,0.5822,33
1562,44,750.2,17.05,0,0.0,0.0854,0.2782,23
1563,116,3341.94,28.8098,0,0.0,0.04,0.3613,31
1564,50,951.62,19.0324,0,0.0,0.0484,0.3002,22
1567,74,5041.62,68.13,0,0.0,0.0899,0.57,30
1568,74,4389.15,59.3128,0,0.0,0.0878,0.5327,36
1569,55,3649.74,66.3589,0,0.0,0.1446,0.5831,24
1571,45,2120.51,47.1224,0,0.0,0.1058,0.368,32
1575,225,12374.67,54.9985,0,0.0,0.0217,0.1898,46
1576,106,4527.4,42.7113,0,0.0,0.0806,0.595,51
1577,48,1896.53,39.511,0,0.0,0.1024,0.3658,35
1579,68,2209.75,32.4963,0,0.0,0.0519,0.4734,27
1581,148,2692.72,18.1941,0,0.0,0.0115,0.2015,27
1582,34,2212.88,65.0847,0,0.0,0.0401,0.1292,18
1583,49,941.0,19.2041,0,0.0,0.0396,0.2714,22
1584,36,2087.17,57.9769,0,0.0,0.1294,0.5947,24
1585,83,3781.91,45.5652,0,0.0,0.0464,0.2829,27
1586,89,3448.78,38.7503,0,0.0,0.0597,0.4763,30
1587,78,7681.42,98.4797,0,0.0,0.0481,0.1726,34
1589,15,450.91,30.0607,0,0.0,0.0675,0.2353,10
1591,163,4684.56,28.7396,0,0.0,0.0431,0.2274,40
1594,39,2119.33,54.3418,1,0.04,0.1051,0.4136,24
1595,203,10598.28,52.2083,0,0.0,0.0214,0.1508,42
1596,88,4674.67,53.1212,0,0.0,0.0582,0.7115,35
1598,35,1044.25,29.8357,0,0.0,0.0786,0.5764,18
1600,87,4090.22,47.014,0,0.0,0.0617,0.4626,37
1602,37,1039.97,28.1073,0,0.0,0.0666,0.2483,23
1603,68,2659.6,39.1118,1,0.022222222222222223,0.1125,0.6592,28
1604,186,3202.01,17.2151,0,0.0,0.016,0.1328,39
1605,58,2604.54,44.9059,0,0.0,0.0681,0.3519,24
1606,33,2837.49,85.9845,0,0.0,0.0301,0.0986,24
1609,47,1250.74,26.6115,0,0.0,0.0738,0.4416,22
1610,109,1977.49,18.1421,0,0.0,0.0186,0.1956,29
1613,69,3512.89,50.9114,0,0.0,0.1189,0.4861,24
1615,60,3552.61,59.2102,0,0.0,0.0857,0.6075,25
1616,96,5416.2,56.4188,0,0.0,0.0473,0.3354,30
1617,29,523.9,18.0655,0,0.0,0.116,0.4556,20
1618,79,3179.04,40.241,0,0.0,0.0368,0.4817,31
1619,38,1301.76,34.2568,0,0.0,0.0981,0.5209,16
1621,93,3413.08,36.6998,0,0.0,0.0328,0.2561,30
1622,76,4745.81,62.4449,0,0.0,0.0186,0.22,33
1623,63,3326.73,52.8052,0,0.0,0.0352,0.2064,31
1626,96,6653.96,69.3121,0,0.0,0.0227,0.2157,35
1629,116,3833.54,33.0478,0,0.0,0.0173,0.1655,32
1633,80,2232.15,27.9019,0,0.0,0.0391,0.2132,32
1634,84,1531.2,18.2286,0,0.0,0.0264,0.2929,31
1635,78,2041.56,26.1738,1,0.018518518518518517,0.0794,0.6149,30
1636,61,-177.68,-2.9128,0,0.0,0.0372,0.3258,31
1638,106,4474.5,42.2123,0,0.0,0.0693,0.4959,46
1639,76,4722.98,62.1445,0,0.0,0.0205,0.1177,26
1640,39,2761.13,70.7982,0,0.0,0.093,0.3072,27
1642,91,1903.58,20.9185,0,0.0,0.0526,0.5295,30
1644,89,3139.17,35.2716,0,0.0,0.055,0.5025,28
1645,82,3628.07,44.2448,0,0.0,0.0504,0.3988,35
1646,70,1747.87,24.9696,0,0.0,0.06,0.4281,25
1648,156,8894.62,57.0168,0,0.0,0.0572,0.2424,55
1649,25,842.93,33.7172,0,0.0,0.1053,0.3894,16
1651,112,9938.72,88.7386,0,0.0,0.0135,0.0931,19
1652,50,1625.99,32.5198,0,0.0,0.0689,0.4138,27
1654,206,8331.27,40.4431,1,0.007042253521126761,0.0469,0.6558,49
1656,18,61.76,3.4311,0,0.0,0.0096,0.0457,8
1659,195,7892.5,40.4744,0,0.0,0.037,0.3308,44
1660,68,1672.67,24.5981,0,0.0,0.0634,0.2092,22
1662,118,10722.97,90.8726,0,0.0,0.037,0.2143,41
1664,145,2460.62,16.9698,0,0.0,0.0218,0.1073,33
1666,106,3227.01,30.4435,0,0.0,0.0407,0.2379,31
1668,88,5676.67,64.5076,0,0.0,0.1298,0.667,32
1669,47,2173.28,46.24,2,0.06060606060606061,0.1457,0.8892,26
1670,66,1571.91,23.8168,0,0.0,0.0725,0.6295,27
1671,60,1577.2,26.2867,0,0.0,0.0362,0.2234,28
1672,41,372.09,9.0754,0,0.0,0.031,0.2692,14
1674,44,634.23,14.4143,0,0.0,0.053,0.2494,22
1675,61,2468.11,40.4608,0,0.0,0.0779,0.4631,26
1676,77,3104.04,40.3122,0,0.0,0.0638,0.4937,30
1677,85,3703.83,43.5745,0,0.0,0.0515,0.6144,31
1678,67,3871.18,57.7788,0,0.0,0.0735,0.435,30
1680,13,586.88,45.1446,0,0.0,0.045,0.1967,10
1682,54,1281.68,23.7348,0,0.0,0.0566,0.356,23
1684,104,2454.1,23.5971,0,0.0,0.0228,0.3326,19
1685,70,3732.32,53.3189,0,0.0,0.0511,0.396,29
1686,151,15506.21,102.6901,0,0.0,0.036,0.1277,30
1687,170,6989.39,41.1141,0,0.0,0.0094,0.182,42
1692,164,11999.09,73.1652,0,0.0,0.0138,0.1177,47
1693,79,3563.96,45.1134,0,0.0,0.0789,0.5231,28
1694,85,6120.86,72.0101,0,0.0,0.0517,0.2329,38
1695,40,2500.44,62.511,0,0.0,0.0821,0.253,25
1696,248,8168.5,32.9375,0,0.0,0.0085,0.0925,35
1697,67,1764.36,26.3337,0,0.0,0.0593,0.4473,25
1699,104,5414.36,52.0612,0,0.0,0.0662,0.6685,39
1700,53,1979.24,37.3442,0,0.0,0.0451,0.3867,15
1702,65,2680.46,41.2378,0,0.0,0.1053,0.6716,31
1703,126,6260.77,49.6887,1,0.011235955056179775,0.043,0.5735,48
1709,35,1022.07,29.202,0,0.0,0.073,0.2622,22
1710,53,2225.51,41.9908,0,0.0,0.0753,0.4373,22
1712,119,4095.0,34.4118,0,0.0,0.0533,0.3534,40
1717,160,8429.6,52.685,0,0.0,0.0244,0.1717,30
1718,197,7669.45,38.9312,0,0.0,0.0187,0.3134,36
1719,76,2473.11,32.5409,0,0.0,0.0923,0.6816,34
1720,69,5034.46,72.9632,0,0.0,0.0308,0.1657,24
1723,41,1434.88,34.9971,0,0.0,0.0738,0.5019,26
1725,90,4086.86,45.4096,0,0.0,0.0812,0.5688,29
1727,216,5188.23,24.0196,0,0.0,0.0084,0.0998,27
1728,41,2149.28,52.4215,0,0.0,0.1092,0.6473,29
1730,62,1479.22,23.8584,0,0.0,0.0387,0.3698,17
1731,28,1328.53,47.4475,0,0.0,0.1044,0.5263,20
1733,57,2340.51,41.0616,0,0.0,0.0367,0.1146,23
1735,60,2350.13,39.1688,0,0.0,0.0709,0.4969,25
1736,198,4639.7,23.4328,0,0.0,0.0111,0.1588,37
1737,80,1997.23,24.9654,0,0.0,0.0417,0.1466,33
1740,22,825.15,37.5068,0,0.0,0.0823,0.4188,18
1741,56,4172.89,74.5159,0,0.0,0.16,0.6186,33
1742,70,2002.59,28.6084,0,0.0,0.0478,0.409,27
1744,31,1238.42,39.949,0,0.0,0.0827,0.4481,20
1746,41,2563.9,62.5341,0,0.0,0.1273,0.4033,29
1749,35,1129.74,32.2783,0,0.0,0.0769,0.4347,21
1750,75,5119.57,68.2609,0,0.0,0.0345,0.1938,36
1752,113,1859.61,16.4567,0,0.0,0.0135,0.1693,22
1753,59,3322.15,56.3076,0,0.0,0.0695,0.464,28
1755,116,3062.38,26.3998,0,0.0,0.0273,0.3997,25
1756,62,5835.25,94.1169,0,0.0,0.0506,0.3149,30
1757,68,1921.89,28.2631,0,0.0,0.059,0.6958,32
1758,124,2642.81,21.313,0,0.0,0.0356,0.2316,31
1759,119,3845.08,32.3116,0,0.0,0.0346,0.4101,50
1762,24,668.14,27.8392,1,0.0625,0.102,0.5678,18
1763,80,2335.6,29.195,0,0.0,0.0359,0.2762,29
1764,36,1645.23,45.7008,0,0.0,0.0914,0.3605,19
1765,68,3306.32,48.6224,0,0.0,0.064,0.3769,28
1766,26,262.96,10.1138,0,0.0,0.065,0.2249,14
1769,116,3137.79,27.0499,0,0.0,0.0399,0.2303,44
1770,63,1779.69,28.249,0,0.0,0.052,0.6583,27
1771,103,2951.88,28.659,0,0.0,0.0636,0.5288,32
1772,126,4139.89,32.8563,0,0.0,0.0463,0.4856,47
1774,74,3761.94,50.837,1,0.020833333333333332,0.0842,0.4256,23
1775,111,4563.99,41.117,0,0.0,0.0052,0.1048,23
1776,307,9198.56,29.9627,0,0.0,0.0061,0.0987,39
1777,116,4540.82,39.145,1,0.013513513513513514,0.0496,0.792,38
1779,79,2787.37,35.2832,0,0.0,0.0689,0.4993,27
1781,60,1882.03,31.3672,0,0.0,0.0638,0.3115,38
1782,54,1341.04,24.8341,0,0.0,0.0616,0.4559,28
1783,93,1731.86,18.6222,0,0.0,0.0313,0.1779,35
1785,35,1436.67,41.0477,0,0.0,0.1041,0.3821,20
1786,144,2079.63,14.4419,0,0.0,0.0203,0.1651,32
1787,102,5518.47,54.1026,0,0.0,0.0378,0.4257,29
1788,85,3399.07,39.9891,0,0.0,0.0602,0.4147,40
1789,76,3951.58,51.9945,0,0.0,0.0392,0.2823,32
1791,56,2685.3,47.9518,0,0.0,0.0776,0.4507,28
1793,25,355.74,14.2296,0,0.0,0.0507,0.2006,15
1794,67,3258.73,48.6378,0,0.0,0.0258,0.1721,27
1797,223,10563.23,47.3687,0,0.0,0.0309,0.314,43
1799,140,5586.61,39.9044,0,0.0,0.019,0.2925,47
1802,143,10148.66,70.9697,0,0.0,0.017,0.1766,35
1805,63,1598.14,25.3673,1,0.023809523809523808,0.0862,0.5923,22
1807,133,6148.47,46.2291,0,0.0,0.0267,0.3037,48
1808,48,2018.12,42.0442,0,0.0,0.0547,0.3116,18
1809,116,4489.99,38.7068,1,0.012345679012345678,0.0855,0.6398,45
1810,63,3799.57,60.3106,0,0.0,0.081,0.4836,31
1811,156,7287.5,46.7147,0,0.0,0.0595,0.2894,46
1812,87,6733.78,77.3998,0,0.0,0.01,0.0609,35
1813,73,4074.44,55.8142,0,0.0,0.1265,0.6379,36
1815,75,2986.39,39.8185,0,0.0,0.0985,0.6226,31
1816,49,1935.96,39.5094,0,0.0,0.0736,0.3766,30
1817,120,7129.75,59.4146,0,0.0,0.0187,0.1335,34
1818,135,6106.09,45.2303,0,0.0,0.0388,0.2755,62
1820,33,1478.84,44.8133,0,0.0,0.0725,0.2085,20
1823,65,5095.41,78.3909,0,0.0,0.0862,0.3596,34
1825,106,3769.58,35.5621,0,0.0,0.0657,0.5927,42
1826,50,420.03,8.4006,1,0.027777777777777776,0.0832,0.652,24
1827,77,4523.48,58.7465,0,0.0,0.0792,0.3129,39
1830,86,3946.86,45.8937,0,0.0,0.0828,0.4436,40
1833,33,1116.17,33.8233,0,0.0,0.0537,0.4612,18
1834,65,4044.72,62.2265,0,0.0,0.0733,0.4763,30
1837,67,2708.5,40.4254,0,0.0,0.0691,0.4954,24
1840,108,2717.62,25.1631,0,0.0,0.0371,0.3762,32
1842,105,4582.5,43.6429,0,0.0,0.0427,0.2047,32
1843,156,6688.3,42.8737,0,0.0,0.0529,0.4295,56
1844,74,2800.94,37.8505,0,0.0,0.0828,0.7814,31
1846,53,476.99,8.9998,0,0.0,0.108,0.5543,23
1849,93,2796.25,30.0672,0,0.0,0.0409,0.1821,26
1851,44,3890.59,88.4225,0,0.0,0.0695,0.2388,30
1852,133,6823.09,51.3014,0,0.0,0.0438,0.4461,55
1853,69,1683.16,24.3936,0,0.0,0.0364,0.2164,25
1854,45,3484.04,77.4231,0,0.0,0.0667,0.185,27
1855,70,1697.7,24.2529,0,0.0,0.0637,0.3735,34
1856,69,2326.7,33.7203,0,0.0,0.0868,0.356,29
1857,79,3825.42,48.423,0,0.0,0.0753,0.4281,37
1858,60,1228.47,20.4745,0,0.0,0.0346,0.2455,22
1859,68,2282.68,33.5688,0,0.0,0.0581,0.3732,37
1861,53,2443.55,46.1047,0,0.0,0.0854,0.3415,26
1862,36,1183.43,32.8731,0,0.0,0.0771,0.2853,21
1863,78,4186.72,53.6759,1,0.018867924528301886,0.0338,0.1376,35
1871,55,2306.21,41.9311,0,0.0,0.0934,0.43,31
1872,75,2811.75,37.49,0,0.0,0.0762,0.5126,39
1873,149,5352.2,35.9208,0,0.0,0.0114,0.1474,25
1874,60,2316.42,38.607,0,0.0,0.047,0.3121,24
1875,54,3456.06,64.0011,0,0.0,0.0809,0.4083,24
1876,23,1187.04,51.6104,0,0.0,0.1051,0.5607,18
1877,102,7619.7,74.7029,0,0.0,0.0853,0.4212,38
1879,31,1162.85,37.5113,0,0.0,0.1139,0.6386,21
1880,93,3567.98,38.3654,0,0.0,0.0476,0.401,37
1881,145,3450.72,23.7981,0,0.0,0.0303,0.2349,38
1882,50,3048.46,60.9692,0,0.0,0.0652,0.2666,30
1885,152,7021.77,46.1959,0,0.0,0.016,0.1194,41
1888,312,8831.22,28.3052,0,0.0,0.0113,0.1887,45
1891,67,2941.88,43.9087,0,0.0,0.072,0.6566,35
1895,73,2400.44,32.8827,0,0.0,0.0491,0.2561,29
1896,96,2628.49,27.3801,0,0.0,0.084,0.4555,44
1897,117,7109.18,60.7622,0,0.0,0.0144,0.1914,36
1898,97,3577.92,36.8858,0,0.0,0.0332,0.1697,30
1899,64,1896.08,29.6262,0,0.0,0.0201,0.1105,26
1901,133,4076.59,30.6511,0,0.0,0.0325,0.1678,26
1902,74,3649.64,49.3195,1,0.017857142857142856,0.0661,0.6262,39
1903,111,5673.78,51.1151,0,0.0,0.0336,0.3179,35
1904,143,3363.29,23.5195,0,0.0,0.0258,0.1681,33
1905,40,917.25,22.9312,0,0.0,0.0681,0.4584,22
1908,109,7965.48,73.0778,0,0.0,0.0589,0.2633,57
1909,142,3745.18,26.3745,0,0.0,0.0114,0.1429,22
1910,147,5614.97,38.1971,0,0.0,0.0593,0.4774,32
1913,78,4796.66,61.4956,1,0.018518518518518517,0.0977,0.7243,36
1915,122,8255.38,67.667,0,0.0,0.0281,0.1284,42
1916,68,1947.04,28.6329,0,0.0,0.1048,0.6402,31
1917,81,4747.78,58.6146,0,0.0,0.0716,0.4193,36
1918,61,2440.35,40.0057,1,0.025,0.0542,0.6586,32
1919,103,4233.36,41.1006,0,0.0,0.0546,0.5673,34
1920,116,5941.63,51.2209,0,0.0,0.048,0.4364,39
1921,73,3477.56,47.6378,0,0.0,0.0977,0.7554,35
1923,58,2376.5,40.9741,0,0.0,0.0606,0.4018,25
1926,61,1765.49,28.9425,0,0.0,0.0411,0.2503,21
1928,69,3406.35,49.3674,0,0.0,0.0811,0.4485,33
1931,119,11316.6,95.0975,0,0.0,0.0389,0.2536,48
1936,81,4388.36,54.1773,0,0.0,0.0831,0.5867,46
1937,85,5141.28,60.4856,0,0.0,0.0811,0.579,34
1940,62,1037.88,16.74,0,0.0,0.0341,0.1153,27
1941,155,3117.48,20.1128,0,0.0,0.0119,0.2133,23
1942,35,252.68,7.2194,0,0.0,0.0326,0.1926,13
1944,85,3023.95,35.5759,0,0.0,0.0838,0.5666,40
1945,27,1420.24,52.6015,0,0.0,0.0874,0.4147,18
1946,74,2813.11,38.015,0,0.0,0.0604,0.6037,30
1954,83,6376.27,76.8225,0,0.0,0.029,0.283,30
1955,98,4189.99,42.755,0,0.0,0.0304,0.2631,31
1956,57,1645.55,28.8693,0,0.0,0.0595,0.3652,25
1957,23,2478.16,107.7461,0,0.0,0.0465,0.1216,17
1958,68,1204.87,17.7187,0,0.0,0.0184,0.1428,23
1959,49,3965.18,80.922,0,0.0,0.0298,0.0852,32
1962,88,4682.78,53.2134,0,0.0,0.0791,0.3316,34
1963,312,8650.89,27.7272,0,0.0,0.0146,0.1312,36
1964,76,3795.04,49.9347,0,0.0,0.0762,0.571,28
1966,190,4362.87,22.9625,0,0.0,0.0336,0.3863,36
1967,86,3977.74,46.2528,0,0.0,0.0618,0.4215,39
1969,147,7140.58,48.5754,0,0.0,0.0286,0.3373,56
1971,85,2680.59,31.5364,0,0.0,0.0549,0.3672,33
1972,60,1403.9,23.3983,0,0.0,0.0662,0.7334,33
1973,30,1369.65,45.655,1,0.05,0.0955,0.7208,20
1975,52,1884.25,36.2356,0,0.0,0.0538,0.3941,18
1976,77,4634.22,60.1847,0,0.0,0.0822,0.7732,30
1977,71,162.52,2.289,0,0.0,0.0263,0.1529,20
1979,45,1206.55,26.8122,0,0.0,0.0851,0.2927,26
1980,37,2297.33,62.09,0,0.0,0.0535,0.4013,22
1981,33,685.73,20.7797,1,0.04,0.1088,0.3193,23
1983,67,2914.26,43.4964,0,0.0,0.0565,0.3284,29
1985,150,1597.9,10.6527,0,0.0,0.0187,0.1915,29
1986,44,2014.29,45.7793,0,0.0,0.0815,0.6126,25
1987,34,2130.37,62.6579,0,0.0,0.0797,0.2506,23
1988,155,10940.5,70.5839,0,0.0,0.0373,0.2582,49
1989,113,10295.4,91.1097,0,0.0,0.0336,0.1028,46
1992,114,3099.76,27.1909,0,0.0,0.0233,0.1719,31
1993,68,3652.68,53.7159,0,0.0,0.1001,0.5303,31
1994,62,2823.65,45.5427,0,0.0,0.064,0.3232,34
1995,87,2969.73,34.1348,0,0.0,0.0789,0.6378,34
1996,67,3489.15,52.0769,0,0.0,0.0388,0.3205,25
1997,72,3608.89,50.1235,0,0.0,0.0596,0.4662,31
1998,27,325.85,12.0685,0,0.0,0.0401,0.1604,15
